id,name_th,name_en,postal_code,latitude,longitude,region_id,coordinate_id,created_at,updated_at
PROV1,กรุงเทพมหานคร,Bangkok,"[10200, 10200, 10200, 10200, 10200, 10200, 10200, 10200, 10200, 10200, 10200, 10200, 10300, 10300, 10300, 10300, 10300, 10530, 10530, 10530, 10530, 10530, 10530, 10530, 10530, 10500, 10500, 10500, 10500, 10500, 10220, 10220, 10240, 10240, 10330, 10330, 10330, 10330, 10100, 10100, 10100, 10100, 10100, 10260, 10510, 10510, 10520, 10520, 10520, 10520, 10520, 10520, 10120, 10120, 10100, 10100, 10100, 10400, 10600, 10600, 10600, 10600, 10600, 10600, 10600, 10600, 10600, 10310, 10310, 10310, 10600, 10600, 10600, 10600, 10170, 10170, 10170, 10170, 10170, 10170, 10700, 10700, 10700, 10700, 10700, 10150, 10150, 10160, 10160, 10160, 10160, 10160, 10160, 10160, 10160, 10160, 10160, 10160, 10160, 10140, 10140, 10700, 10700, 10700, 10700, 10400, 10240, 10240, 10240, 10120, 10120, 10120, 10800, 10900, 10900, 10900, 10900, 10900, 10120, 10120, 10120, 10250, 10250, 10250, 10250, 10110, 10110, 10110, 10110, 10110, 10110, 10250, 10150, 10150, 10150, 10150, 10210, 10400, 10400, 10400, 10400, 10230, 10230, 10110, 10110, 10110, 10160, 10160, 10160, 10160, 10210, 10210, 10220, 10220, 10220, 10230, 10240, 10310, 10510, 10510, 10510, 10510, 10510, 10260, 10170, 10170, 10140, 10140, 10150, 10400, 10400, 10260, 10250, 10250, 10240, 10240, 10260, 10260, 10150, 10150, 10150, 10150]",13.7524938,100.4935089,RE3,COOR1576,2025-10-20 23:11:54,2025-10-20 23:11:54
PROV10,สระบุรี,Saraburi,"[18000, 18000, 18000, 18000, 18000, 18000, 18000, 18000, 18000, 18000, 18000, 18110, 18260, 18110, 18110, 18110, 18110, 18110, 18110, 18110, 18110, 18110, 18110, 18110, 18110, 18140, 18140, 18250, 18250, 18230, 18230, 18140, 18250, 18230, 18230, 18140, 18140, 18230, 18140, 18230, 18140, 18140, 18140, 18150, 18150, 18150, 18150, 18150, 18150, 18170, 18170, 18170, 18170, 18170, 18170, 18170, 18170, 18170, 18130, 18130, 18130, 18130, 18130, 18130, 18130, 18270, 18130, 18210, 18210, 18210, 18210, 18190, 18190, 18190, 18190, 18120, 18120, 18120, 18120, 18120, 18120, 18120, 18120, 18120, 18160, 18160, 18160, 18160, 18160, 18160, 18160, 18160, 18160, 18160, 18160, 18160, 18180, 18180, 18180, 18180, 18180, 18220, 18220, 18220, 18220, 18000, 18000, 18000, 18240, 18000, 18240]",14.6240563,100.8601022,RE3,COOR1829,2025-10-20 23:11:54,2025-10-20 23:11:54
PROV11,ชลบุรี,Chon Buri,"[20000, 20000, 20000, 20000, 20000, 20000, 20000, 20000, 20000, 20000, 20000, 20000, 20130, 20130, 20000, 20130, 20000, 20000, 20170, 20220, 20170, 20170, 20170, 20170, 20220, 20220, 20190, 20190, 20190, 20190, 20190, 20150, 20150, 20150, 20150, 20150, 20150, 20150, 20150, 20160, 20160, 20160, 20160, 20160, 20160, 20160, 20160, 20160, 20160, 20160, 20140, 20140, 20140, 20140, 20140, 20140, 20140, 20140, 20140, 20140, 20140, 20140, 20140, 20140, 20140, 20140, 20140, 20140, 20140, 20140, 20110, 20110, 20230, 20230, 20110, 20110, 20110, 20230, 20120, 20180, 20250, 20180, 20250, 20180, 20270, 20270, 20270, 20270, 20270, 20270, 20240, 20240]",13.1857117,101.1210777,RE4,COOR1955,2025-10-20 23:11:54,2025-10-20 23:11:54
PROV12,ระยอง,Rayong,"[21000, 21000, 21000, 21000, 21160, 21160, 21000, 21000, 21000, 21100, 21000, 21000, 21150, 21150, 21100, 21130, 21130, 21130, 21110, 21110, 21110, 21110, 21190, 21190, 21110, 21110, 21110, 22160, 21170, 21110, 21170, 21110, 21110, 21210, 21210, 21210, 21210, 21120, 21120, 21120, 21120, 21120, 21120, 21120, 21140, 21140, 21140, 21140, 21140, 21140, 21110, 21110, 21110, 21110, 21180, 21180, 21180, 21180]",12.6817905,101.277765,RE4,COOR2081,2025-10-20 23:11:54,2025-10-20 23:11:54
PROV13,จันทบุรี,Chanthaburi,"[22000, 22000, 22000, 22000, 22000, 22000, 22000, 22000, 22000, 22000, 22000, 22110, 22110, 22110, 22110, 22110, 22110, 22110, 22110, 22110, 22110, 22110, 22150, 22120, 22120, 22120, 22120, 22120, 22120, 22120, 22120, 22170, 22170, 22170, 22120, 22120, 22170, 22140, 22140, 22140, 22140, 22140, 22150, 22150, 22150, 22150, 22150, 22150, 22130, 22130, 22130, 22190, 22190, 22190, 22120, 22180, 22180, 22180, 22180, 22180, 22160, 22160, 22160, 22160, 22160, 22160, 22170, 22170, 22170, 22160, 22170, 22210, 22210, 22210, 22210, 22210]",12.9081033,102.0159145,RE4,COOR2397,2025-10-20 23:11:54,2025-10-20 23:11:54
PROV14,ตราด,Trat,"[23000, 23000, 23000, 23000, 23000, 23000, 23000, 23000, 23000, 23000, 23000, 23000, 23000, 23000, 23110, 23110, 23110, 23130, 23150, 23130, 23150, 23150, 23150, 23150, 23130, 23140, 23140, 23140, 23140, 23140, 23120, 23120, 23120, 23120, 23000, 23000, 23170, 23170]",12.2593544,102.4268871,RE4,COOR2599,2025-10-20 23:11:54,2025-10-20 23:11:54
PROV15,ฉะเชิงเทรา,Chachoengsao,"[24000, 24000, 24000, 24000, 24000, 24000, 24000, 24000, 24000, 24000, 24000, 24000, 24000, 24000, 24000, 24000, 24000, 24000, 24000, 24110, 24110, 24110, 24110, 24110, 24110, 24110, 24110, 24110, 24150, 24150, 24150, 24150, 24170, 24170, 24150, 24170, 24000, 24150, 24130, 24130, 24180, 24180, 24130, 24180, 24130, 24130, 24130, 24130, 24180, 24130, 24140, 24140, 24140, 24140, 24140, 24140, 24140, 24140, 24140, 24140, 24140, 24140, 24140, 24140, 24140, 24140, 24140, 24120, 24120, 24120, 24120, 24120, 24120, 24120, 24120, 24120, 24120, 24120, 24160, 24160, 24160, 24160, 24190, 24190, 24190, 24190, 24160, 24160, 24000, 24000, 24000, 24000, 24110]",13.6891784,101.0708268,RE4,COOR1960,2025-10-20 23:11:54,2025-10-20 23:11:54
PROV16,ปราจีนบุรี,Prachin Buri,"[25000, 25000, 25000, 25000, 25000, 25000, 25230, 25230, 25230, 25000, 25230, 25000, 25110, 25240, 25110, 25110, 25110, 25110, 25110, 25110, 25110, 25110, 25110, 25110, 25110, 25110, 25220, 25220, 25220, 25220, 25220, 25220, 25150, 25150, 25150, 25150, 25150, 25150, 25150, 25150, 25150, 25130, 25130, 25130, 25130, 25130, 25130, 25130, 25130, 25130, 25140, 25140, 25140, 25140, 25140, 25140, 25140, 25140, 25140, 25140, 25190, 25190, 25190, 25190]",14.0541467,101.3724276,RE4,COOR2093,2025-10-20 23:11:54,2025-10-20 23:11:54
PROV17,นครนายก,Nakhon Nayok,"[26000, 26000, 26000, 26000, 26000, 26000, 26000, 26000, 26000, 26000, 26000, 26000, 26000, 26130, 26130, 26130, 26130, 26130, 26130, 26130, 26110, 26110, 26110, 26110, 26110, 26110, 26110, 26110, 26110, 26110, 26120, 26120, 26120, 26120, 26120, 26120, 26120, 26120, 26120, 26120, 26120]",14.203647,101.2147087,RE3,COOR2033,2025-10-20 23:11:54,2025-10-20 23:11:54
PROV18,สระแก้ว,Sa Kaeo,"[27000, 27000, 27000, 27000, 27000, 27000, 27000, 27000, 27260, 27260, 27260, 27260, 27260, 27260, 27260, 27180, 27180, 27180, 27180, 27180, 27210, 27210, 27210, 27210, 27160, 27160, 27160, 27160, 27160, 27160, 27160, 27160, 27160, 27160, 27160, 27120, 27120, 27120, 27120, 27120, 27120, 27120, 27120, 27120, 27120, 27120, 27120, 27120, 27000, 27000, 27000, 27000, 27120, 27180, 27180, 27120, 27250, 27250, 27250]",13.7686129,102.1345352,RE4,COOR2455,2025-10-20 23:11:54,2025-10-20 23:11:54
PROV19,นครราชสีมา,Nakhon Ratchasima,"[30000, 30000, 30000, 30310, 30000, 30000, 30000, 30000, 30000, 30000, 30000, 30000, 30000, 30000, 30310, 30310, 30280, 30000, 30000, 30000, 30000, 30310, 30000, 30000, 30310, 30250, 30250, 30250, 30250, 30250, 30250, 30250, 30250, 30250, 30250, 30250, 30250, 30330, 30330, 30330, 30330, 30330, 30330, 30260, 30260, 30260, 30260, 30260, 30260, 30260, 30260, 30260, 30260, 30350, 30350, 30350, 30350, 30230, 30230, 30230, 30230, 30230, 30230, 30230, 30230, 30230, 30230, 30230, 30230, 30230, 30190, 30190, 30190, 30190, 30190, 30190, 30190, 30190, 30190, 30190, 30210, 30210, 30210, 30210, 30210, 30210, 36220, 30210, 30210, 30210, 30210, 30210, 30210, 30210, 30210, 36220, 30220, 30220, 30220, 30220, 30220, 30220, 30220, 30220, 30220, 30220, 30220, 30220, 30220, 30220, 30220, 30160, 30160, 30160, 30160, 30160, 30240, 30160, 30160, 30160, 30160, 30160, 30160, 30160, 30160, 30160, 30160, 30290, 30290, 30290, 30290, 30290, 30290, 30290, 30120, 30120, 30120, 30120, 30120, 30120, 30120, 30120, 30120, 30120, 30120, 30120, 30120, 30120, 30120, 30120, 30120, 30120, 30120, 30180, 30180, 30180, 30180, 30180, 30180, 30180, 30180, 30180, 30180, 30180, 30180, 30180, 30150, 30150, 30150, 30150, 30150, 30150, 30150, 30150, 30150, 30150, 30150, 30150, 30150, 30150, 30150, 30150, 30110, 30110, 30110, 30110, 30110, 30110, 30110, 30110, 30110, 30110, 30110, 30110, 30240, 30240, 30240, 30240, 30240, 30240, 30240, 30240, 30240, 30240, 30270, 30270, 30270, 30270, 30270, 30270, 30270, 30270, 30270, 30270, 30270, 30270, 30270, 30170, 30170, 30170, 30170, 30170, 30170, 30170, 30170, 30380, 30380, 30380, 30280, 30280, 30280, 30280, 30280, 30140, 30140, 30140, 30340, 30140, 30140, 30140, 30140, 30140, 30340, 30140, 30140, 30130, 30320, 30130, 30130, 30130, 30130, 30130, 30130, 30130, 30130, 30130, 30320, 30410, 30410, 30410, 30410, 30410, 30410, 30410, 30410, 30410, 30440, 30440, 30440, 30440, 30440, 30360, 30360, 30360, 30360, 30360, 30370, 30370, 30150, 30370, 30370, 30210, 30210, 30210, 30210, 30270, 30270, 30270, 30270, 30220, 30220, 30220, 30220, 30220, 30270, 30270, 30270, 30270, 30120, 30120, 30120, 30120, 30430, 30430, 30430, 30430, 30430, 30230, 30230, 30230, 30000, 30230]",14.9747339,102.0981161,RE2,COOR2466,2025-10-20 23:11:54,2025-10-20 23:11:54
PROV2,สมุทรปราการ,Samut Prakan,"[10270, 10270, 10270, 10280, 10280, 10280, 10270, 10270, 10270, 10270, 10270, 10280, 10280, 10560, 10560, 10560, 10560, 10550, 10560, 10560, 10560, 10540, 10540, 10540, 10540, 10540, 10540, 10130, 10130, 10130, 10130, 10130, 10130, 10130, 10130, 10130, 10130, 10130, 10130, 10130, 10130, 10130, 10290, 10290, 10290, 10290, 10290, 10540, 10540, 10540]",13.6531651,100.8182578,RE3,COOR1758,2025-10-20 23:11:54,2025-10-20 23:11:54
PROV20,บุรีรัมย์,Buri Ram,"[31000, 31000, 31000, 31000, 31000, 31000, 31000, 31000, 31000, 31000, 31000, 31000, 31000, 31000, 31000, 31000, 31000, 31000, 31000, 31190, 31190, 31190, 31190, 31190, 31190, 31190, 31160, 31160, 31160, 31160, 31160, 31160, 31160, 31160, 31160, 31160, 31160, 31110, 31110, 31110, 31110, 31110, 31110, 31110, 31110, 31110, 31110, 31110, 31110, 31110, 31110, 31110, 31210, 31210, 31210, 31210, 31210, 31210, 31210, 31210, 31210, 31210, 31170, 31170, 31170, 31170, 31170, 31170, 31140, 31140, 31140, 31140, 31140, 31140, 31140, 31140, 31140, 31140, 31140, 31140, 31140, 31140, 31140, 31140, 31180, 31180, 31180, 31180, 31180, 31180, 31180, 31180, 31180, 31120, 31120, 31120, 31120, 31120, 31120, 31120, 31130, 31130, 31130, 31130, 31130, 31130, 31130, 31130, 31130, 31130, 31130, 31130, 31130, 31130, 31130, 31130, 31150, 31150, 31150, 31150, 31150, 31150, 31150, 31150, 31150, 31150, 31150, 31150, 31220, 31220, 31220, 31220, 31220, 31230, 31230, 31230, 31230, 31230, 31240, 31240, 31240, 31240, 31240, 31240, 31240, 31250, 31250, 31250, 31250, 31250, 31000, 31000, 31000, 31000, 31000, 31000, 31000, 31000, 31110, 31110, 31110, 31110, 31110, 31110, 31110, 31110, 31110, 31110, 31120, 31120, 31120, 31120, 31120, 31260, 31260, 31260, 31000, 31000, 31000, 31000, 31150, 31150, 31150, 31150, 31110, 31110, 31110, 31170, 31170]",14.6107101,102.6453162,RE2,COOR2699,2025-10-20 23:11:54,2025-10-20 23:11:54
PROV21,สุรินทร์,Surin,"[32000, 32000, 32000, 32000, 32000, 32000, 32000, 32000, 32000, 32000, 32000, 32000, 32000, 32000, 32000, 32000, 32000, 32000, 32000, 32000, 32000, 32190, 32190, 32190, 32190, 32190, 32190, 32190, 32190, 32190, 32120, 32120, 32120, 32120, 32120, 32120, 32120, 32120, 32120, 32120, 32180, 32180, 32180, 32180, 32180, 32180, 32180, 32180, 32180, 32140, 32140, 32140, 32140, 32140, 32140, 32140, 32140, 32140, 32140, 32140, 32140, 32140, 32140, 32140, 32140, 32140, 32140, 32210, 32210, 32210, 32210, 32210, 32210, 32130, 32130, 32130, 32130, 32130, 32130, 32130, 32130, 32130, 32130, 32130, 32130, 32160, 32160, 32160, 32160, 32160, 32160, 32160, 32110, 32110, 32110, 32110, 32110, 32110, 32110, 32110, 32110, 32110, 32110, 32110, 32110, 32110, 32110, 32150, 32150, 32150, 32150, 32150, 32150, 32150, 32150, 32150, 32150, 32150, 32150, 32220, 32220, 32220, 32220, 32220, 32170, 32170, 32170, 32170, 32170, 32170, 32170, 32170, 32170, 32170, 32230, 32230, 32230, 32230, 32230, 32230, 32140, 32140, 32140, 32140, 32150, 32150, 32150, 32150, 32150, 32000, 32000, 32000, 32000, 32000, 32130, 32130, 32130, 32130, 32130]",15.0610142,103.7613123,RE2,COOR3052,2025-10-20 23:11:54,2025-10-20 23:11:54
PROV22,ศรีสะเกษ,Si Sa Ket,"[33000, 33000, 33000, 33000, 33000, 33000, 33000, 33000, 33000, 33000, 33000, 33000, 33000, 33000, 33000, 33000, 33000, 33000, 33190, 33190, 33190, 33190, 33190, 33190, 33190, 33130, 33130, 33130, 33130, 33130, 33130, 33130, 33130, 33130, 33130, 33130, 33130, 33130, 33130, 33130, 33130, 33110, 33110, 33110, 33110, 33110, 33110, 33110, 33110, 33110, 33110, 33110, 33110, 33110, 33110, 33110, 33110, 33110, 33110, 33110, 33110, 33140, 33140, 33140, 33140, 33140, 33140, 33140, 33140, 33140, 33140, 33140, 33140, 33140, 33140, 33140, 33140, 33140, 33140, 33140, 33140, 33140, 33140, 33180, 33180, 33180, 33180, 33180, 33180, 33170, 33170, 33170, 33170, 33170, 33170, 33170, 33170, 33170, 33170, 33150, 33150, 33150, 33150, 33150, 33150, 33150, 33150, 33150, 33150, 33150, 33150, 33160, 33160, 33160, 33160, 33160, 33160, 33160, 33160, 33160, 33160, 33160, 33160, 33160, 33120, 33120, 33120, 33120, 33120, 33120, 33120, 33120, 33120, 33120, 33120, 33120, 33120, 33120, 33120, 33120, 33120, 33120, 33120, 33220, 33220, 33210, 33210, 33210, 33210, 33210, 33210, 33250, 33250, 33250, 33250, 33250, 33240, 33240, 33240, 33240, 33240, 33240, 33240, 33130, 33130, 33130, 33130, 33130, 33130, 33270, 33270, 33270, 33270, 33270, 33270, 33270, 33270, 33140, 33140, 33140, 33140, 33140, 33140, 33140, 33120, 33120, 33120, 33110, 33110, 33110, 33110, 33110, 33230, 33230, 33230, 33230, 33230, 33120, 33120, 33120, 33120, 33120, 33160, 33160, 33160, 33160]",14.9222,104.4439596,RE2,COOR3251,2025-10-20 23:11:54,2025-10-20 23:11:54
PROV23,อุบลราชธานี,Ubon Ratchathani,"[34000, 34000, 34000, 34000, 34000, 34000, 34000, 34000, 34000, 34000, 34000, 34000, 34250, 34250, 34250, 34250, 34250, 34250, 34250, 34250, 34250, 34250, 34250, 34220, 34220, 34220, 34220, 34220, 34220, 34150, 34150, 34150, 34150, 34150, 34150, 34150, 34150, 34150, 34150, 34320, 34320, 34320, 34320, 34150, 34150, 34150, 34150, 34170, 34170, 34170, 34170, 34170, 34170, 34170, 34170, 34170, 34160, 34160, 34160, 34160, 34160, 34160, 34160, 34160, 34160, 34160, 34160, 34160, 34160, 34160, 34160, 34160, 34280, 34280, 34280, 34280, 34280, 34280, 34260, 34260, 34260, 34260, 34260, 34260, 34260, 34230, 34230, 34230, 34230, 34230, 34230, 34230, 34230, 34130, 34130, 34130, 34130, 34130, 34130, 34130, 34130, 34130, 34130, 34130, 34130, 34130, 34130, 34130, 34130, 34130, 34130, 34130, 34130, 34130, 34130, 34130, 34270, 34270, 34270, 34270, 34270, 34140, 34140, 34140, 34140, 34140, 34140, 34140, 34140, 34140, 34140, 34140, 34140, 34140, 34140, 34190, 34190, 34310, 34190, 34190, 34190, 34190, 34310, 34190, 34190, 34190, 34190, 34190, 34190, 34310, 34190, 34110, 34110, 34110, 34110, 34110, 34110, 34110, 34110, 34110, 34110, 34110, 34110, 34110, 34110, 34330, 34330, 34330, 34330, 34330, 34330, 34340, 34340, 34340, 34340, 34340, 34340, 34360, 34360, 34360, 34360, 34360, 34360, 34360, 34360, 34360, 34000, 34000, 34000, 34000, 34350, 34350, 34350, 34350, 34350, 34350, 34160, 34160, 34160, 34160, 34160, 34160, 34160, 34160, 34170, 34170, 34170, 34170, 34000, 34000, 34000, 34000, 34190, 34190, 34190, 34190, 34260, 34260, 34260, 34260]",15.1879684,105.3269544,RE2,COOR3430,2025-10-20 23:11:54,2025-10-20 23:11:54
PROV24,ยโสธร,Yasothon,"[35000, 35000, 35000, 35000, 35000, 35000, 35000, 35000, 35000, 35000, 35000, 35000, 35000, 35000, 35000, 35000, 35000, 35000, 35170, 35170, 35170, 35170, 35170, 35140, 35140, 35140, 35140, 35140, 35140, 35140, 35140, 35140, 35110, 35110, 35110, 35110, 35110, 35180, 35180, 35110, 35180, 35110, 35110, 35180, 35110, 35150, 35150, 35150, 35150, 35150, 35130, 35130, 35130, 35130, 35130, 35130, 35130, 35130, 35130, 35130, 35160, 35160, 35160, 35160, 35120, 35120, 35120, 35120, 35120, 35120, 35120, 35120, 35120, 35120, 35120, 35120, 35120, 35120, 35120]",16.0282186,104.2748479,RE2,COOR3231,2025-10-20 23:11:54,2025-10-20 23:11:54
PROV25,ชัยภูมิ,Chaiyaphum,"[36000, 36000, 36000, 36000, 36240, 36000, 36000, 36000, 36000, 36000, 36000, 36240, 36000, 36000, 36000, 36240, 36000, 36000, 36000, 36170, 36170, 36170, 36170, 36170, 36170, 36140, 36140, 36140, 36140, 36140, 36140, 36140, 36140, 36140, 36120, 36120, 36120, 36120, 36120, 36120, 36120, 36120, 36120, 36120, 36120, 36210, 36210, 36210, 36210, 36210, 36210, 36210, 36210, 36130, 36130, 36130, 36130, 36130, 36130, 36130, 36220, 36130, 36160, 36160, 36220, 36220, 36160, 36160, 36160, 36250, 36250, 36250, 36250, 36250, 36230, 36230, 36230, 36230, 36230, 36110, 36110, 36110, 36110, 36110, 36110, 36110, 36110, 36110, 36110, 36110, 36190, 36190, 36190, 36190, 36190, 36150, 36150, 36150, 36150, 36150, 36150, 36150, 36150, 36150, 36150, 36180, 36180, 36180, 36180, 36180, 36180, 36180, 36180, 36260, 36260, 36260, 36260, 36130, 36130, 36130, 36130, 36130, 36130, 36130]",15.8068082,102.0315003,RE2,COOR2423,2025-10-20 23:11:54,2025-10-20 23:11:54
PROV26,อำนาจเจริญ,Amnat Charoen,"[37000, 37000, 37000, 37000, 37000, 37000, 37000, 37000, 37000, 37000, 37000, 37000, 37000, 37000, 37000, 37000, 37000, 37000, 37000, 37210, 37210, 37210, 37210, 37210, 37110, 37110, 37110, 37110, 37110, 37110, 37110, 37180, 37180, 37180, 37180, 37290, 37290, 37290, 37290, 37290, 37290, 37240, 37240, 37240, 37240, 37240, 37240, 37240, 37240, 37000, 37000, 37000, 37000, 37000, 37000, 37000]",15.9949473,104.7328575,RE2,COOR3346,2025-10-20 23:11:54,2025-10-20 23:11:54
PROV27,บึงกาฬ,buogkan,"[38000, 38000, 38000, 38000, 38000, 38000, 38000, 38000, 38000, 38000, 38000, 38000, 38150, 38150, 38150, 38150, 38150, 38150, 38150, 38150, 38150, 38170, 38170, 38170, 38170, 38170, 38170, 38170, 38180, 38180, 38180, 38180, 38180, 38180, 38180, 38210, 38210, 38210, 38210, 38210, 38220, 38220, 38220, 38220, 38190, 38190, 38190, 38190, 38190, 38190, 38000, 38000, 38000]",18.3639,103.6519,RE2,COOR78,2025-10-20 23:11:54,2025-10-20 23:11:54
PROV28,หนองบัวลำภู,Nong Bua Lam Phu,"[39000, 39000, 39000, 39000, 39000, 39000, 39000, 39000, 39000, 39000, 39000, 39000, 39000, 39000, 39000, 39170, 39170, 39350, 39170, 39350, 39170, 39170, 39350, 39170, 39140, 39140, 39140, 39140, 39140, 39140, 39140, 39140, 39140, 39140, 39180, 39180, 39180, 39180, 39180, 39180, 39180, 39180, 39180, 39180, 39180, 39180, 39270, 39270, 39270, 39270, 39270, 39270, 39270, 39270, 39170, 39170, 39170, 39170, 39170]",17.2022252,102.440702,RE2,COOR2637,2025-10-20 23:11:54,2025-10-20 23:11:54
PROV29,ขอนแก่น,Khon Kaen,"[40000, 40000, 40000, 40260, 40000, 40000, 40000, 40000, 40000, 40000, 40000, 40000, 40260, 40000, 40000, 40000, 40000, 40000, 40270, 40270, 40270, 40270, 40270, 40270, 40270, 40320, 40320, 40320, 40320, 40320, 40210, 40210, 40240, 40240, 40240, 40210, 40210, 40210, 40210, 40240, 40130, 40290, 40290, 40130, 40130, 40130, 40130, 40130, 40130, 40290, 40130, 40290, 40220, 40220, 40220, 40220, 40220, 40220, 40220, 40220, 40220, 40220, 40140, 40140, 40140, 40140, 40310, 40310, 40140, 40140, 40140, 40140, 40140, 40140, 40250, 40250, 40250, 40250, 40250, 40250, 40170, 40170, 40170, 40170, 40170, 40170, 40170, 40170, 40170, 40110, 40110, 40110, 40110, 40110, 40110, 40110, 40110, 40110, 40110, 40340, 40340, 40340, 40340, 40120, 40120, 40120, 40120, 40120, 40120, 40120, 40120, 40120, 40120, 40120, 40120, 40330, 40330, 40330, 40330, 40330, 40230, 40230, 40230, 40230, 40230, 40230, 40190, 40190, 40190, 40190, 40190, 40190, 40190, 40190, 40190, 40190, 40190, 40190, 40150, 40150, 40150, 40150, 40150, 40150, 40150, 40150, 40150, 40150, 40150, 40160, 40160, 40160, 40160, 40160, 40160, 40160, 40160, 40180, 40180, 40180, 40180, 40180, 40180, 40180, 40180, 40280, 40280, 40280, 40280, 40280, 40350, 40350, 40350, 40350, 40350, 40170, 40170, 40170, 40170, 40170, 40160, 40160, 40160, 40160, 40150, 40150, 40150, 40110, 40110, 40110, 40110, 40110, 40110, 40110, 40110, 40110, 0, 0, 0]",16.6022387,102.6352933,RE2,COOR2717,2025-10-20 23:11:54,2025-10-20 23:11:54
PROV3,นนทบุรี,Nonthaburi,"[11000, 11000, 11000, 11000, 11000, 11000, 11000, 11000, 11000, 11000, 11130, 11130, 11130, 11130, 11130, 11130, 11130, 11130, 11130, 11140, 11140, 11140, 11140, 11140, 11140, 11110, 11110, 11110, 11110, 11110, 11110, 11110, 11110, 11150, 11150, 11150, 11150, 11150, 11150, 11150, 11120, 11120, 11120, 11120, 11120, 11120, 11120, 11120, 11120, 11120, 11120, 11120]",13.8610918,100.3456772,RE3,COOR1508,2025-10-20 23:11:54,2025-10-20 23:11:54
PROV30,อุดรธานี,Udon Thani,"[41000, 41000, 41000, 41000, 41000, 41330, 41000, 41000, 41000, 41000, 41000, 41000, 41000, 41000, 41000, 41000, 41000, 41000, 41000, 41000, 41330, 41250, 41250, 41250, 41250, 41250, 41250, 41250, 41360, 41220, 41220, 41220, 41360, 41360, 41220, 41360, 41110, 41370, 41110, 41110, 41110, 41110, 41370, 41110, 41370, 41370, 41110, 41110, 41110, 41240, 41240, 41240, 41240, 41240, 41240, 41130, 41130, 41130, 41130, 41130, 41320, 41320, 41130, 41130, 41130, 41130, 41320, 41310, 41310, 41310, 41310, 41290, 41290, 41290, 41290, 41230, 41230, 41230, 41230, 41230, 41230, 41230, 41280, 41280, 41280, 41280, 41280, 41280, 41190, 41190, 41190, 41190, 41190, 41190, 41190, 41190, 41190, 41190, 41190, 41190, 41190, 41160, 41160, 41160, 41160, 41160, 41160, 41160, 41160, 41160, 41160, 41160, 41160, 41160, 41210, 41210, 41210, 41210, 41210, 41210, 41210, 41150, 41150, 41150, 41150, 41150, 41150, 41150, 41150, 41150, 41150, 41150, 41260, 41260, 41260, 41260, 41260, 41260, 41340, 41340, 41340, 41340, 41380, 41380, 41380, 41380, 41130, 41130, 41130, 41130, 41130, 41130, 41130, 41110, 41110, 41110]",17.5211917,102.6680012,RE2,COOR2725,2025-10-20 23:11:54,2025-10-20 23:11:54
PROV31,เลย,Loei,"[42000, 42000, 42100, 42000, 42000, 42000, 42000, 42000, 42000, 42000, 42000, 42000, 42100, 42000, 42210, 42210, 42210, 42210, 42110, 42110, 42110, 42110, 42110, 42110, 42110, 42110, 42150, 42150, 42150, 42150, 42150, 42150, 42120, 42120, 42120, 42120, 42120, 42120, 42120, 42120, 42120, 42120, 42170, 42170, 42170, 42170, 42170, 42160, 42160, 42160, 42160, 42160, 42160, 42140, 42140, 42140, 42140, 42140, 42140, 42130, 42130, 42130, 42130, 42130, 42130, 42130, 42130, 42130, 42130, 42180, 42180, 42180, 42180, 42230, 42230, 42230, 42230, 42230, 42240, 42240, 42240, 42240, 42240, 42220, 42220, 42220, 42220, 42190, 42190, 42190]",17.3158563,101.4638277,RE2,COOR2176,2025-10-20 23:11:54,2025-10-20 23:11:54
PROV32,หนองคาย,Nong Khai,"[43000, 43000, 43000, 43000, 43000, 43000, 43000, 43000, 43000, 43100, 43100, 43100, 43000, 43000, 43000, 43000, 43110, 43110, 43110, 43110, 43110, 43110, 43110, 43110, 43110, 43110, 43120, 43120, 43120, 43120, 43120, 43120, 43120, 43120, 43120, 43120, 43120, 43130, 43130, 43130, 43130, 43160, 43160, 43160, 43160, 43160, 43100, 43100, 43100, 43120, 43120, 43120, 43120, 43120, 43120, 43120, 43120, 43120, 43120, 43130, 43130, 43130]",17.9301421,102.4649809,RE2,COOR2643,2025-10-20 23:11:54,2025-10-20 23:11:54
PROV33,มหาสารคาม,Maha Sarakham,"[44000, 44000, 44000, 44000, 44000, 44000, 44000, 44000, 44000, 44000, 44000, 44000, 44000, 44000, 44190, 44190, 44190, 44190, 44190, 44140, 44140, 44140, 44140, 44140, 44140, 44140, 44140, 44140, 44140, 44140, 44140, 44140, 44140, 44140, 44140, 44140, 44150, 44150, 44150, 44150, 44150, 44150, 44150, 44150, 44150, 44150, 44160, 44160, 44160, 44160, 44160, 44160, 44160, 44160, 44130, 44130, 44130, 44130, 44130, 44130, 44130, 44130, 44130, 44130, 44130, 44130, 44130, 44130, 44130, 44170, 44170, 44170, 44170, 44170, 44170, 44170, 44170, 44170, 44170, 44110, 44110, 44110, 44110, 44110, 44110, 44110, 44110, 44110, 44110, 44110, 44110, 44110, 44110, 44120, 44120, 44120, 44120, 44120, 44120, 44120, 44120, 44120, 44120, 44120, 44120, 44120, 44120, 44120, 44180, 44180, 44180, 44180, 44180, 44180, 44180, 44180, 44180, 44210, 44210, 44210, 44210, 44210, 44210, 44210, 44130, 44130, 44130, 44130, 44130, 44160, 44160, 44160, 44160]",15.9041448,103.0840638,RE2,COOR2847,2025-10-20 23:11:54,2025-10-20 23:11:54
PROV34,ร้อยเอ็ด,Roi Et,"[45000, 45000, 45000, 45000, 45000, 45000, 45000, 45000, 45000, 45000, 45000, 45000, 45000, 45000, 45000, 45150, 45150, 45150, 45150, 45150, 45150, 45150, 45150, 45150, 45150, 45150, 45150, 45150, 45190, 45190, 45190, 45190, 45190, 45190, 45190, 45190, 45180, 45180, 45180, 45180, 45180, 45180, 45180, 45180, 45180, 45180, 45180, 45180, 45170, 45170, 45170, 45170, 45170, 45170, 45170, 45170, 45170, 45170, 45170, 45170, 45140, 45140, 45140, 45140, 45140, 45140, 45140, 45140, 45140, 45140, 45140, 45140, 45140, 45110, 45110, 45110, 45110, 45110, 45110, 45110, 45110, 45110, 45110, 45110, 45110, 45110, 45110, 45230, 45230, 45230, 45230, 45230, 45230, 45230, 45230, 45230, 45210, 45210, 45210, 45210, 45210, 45210, 45210, 45210, 45210, 45120, 45120, 45120, 45120, 45120, 45120, 45120, 45120, 45120, 45120, 45120, 45120, 45120, 45120, 45120, 45120, 45120, 45120, 45130, 45130, 45130, 45130, 45130, 45130, 45130, 45130, 45130, 45130, 45130, 45130, 45130, 45130, 45130, 45220, 45220, 45220, 45220, 45220, 45240, 45240, 45240, 45240, 45240, 45160, 45160, 45160, 45160, 45160, 45160, 45160, 45160, 45160, 45160, 45250, 45250, 45250, 45250, 45000, 45000, 45000, 45000, 45280, 45280, 45000, 45000, 45000, 45000, 45000, 45000, 45000, 45000, 45000, 45000, 45000, 45170, 45000, 45000, 45170, 45000, 45140, 45140, 45140, 45140, 45170, 45170, 45170, 45170, 45170]",15.7486448,103.7013017,RE2,COOR3058,2025-10-20 23:11:54,2025-10-20 23:11:54
PROV35,กาฬสินธุ์,Kalasin,"[46000, 46000, 46000, 46000, 46000, 46000, 46000, 46000, 46000, 46000, 46000, 46000, 46000, 46000, 46000, 46000, 46000, 46230, 46230, 46230, 46230, 46230, 46130, 46130, 46130, 46130, 46130, 46130, 46130, 46130, 46210, 46210, 46210, 46110, 46110, 46110, 46110, 46110, 46110, 46110, 46110, 46110, 46110, 46110, 46110, 46160, 46160, 46160, 46160, 46160, 46160, 46120, 46120, 46120, 46120, 46120, 46120, 46120, 46120, 46120, 46120, 46120, 46120, 46120, 46120, 46120, 46170, 46170, 46170, 46170, 46170, 46170, 46170, 46170, 46170, 46140, 46140, 46140, 46140, 46140, 46140, 46140, 46140, 46180, 46180, 46180, 46180, 46180, 46180, 46190, 46190, 46190, 46190, 46190, 46190, 46220, 46220, 46220, 46220, 46220, 46220, 46220, 46220, 46220, 46150, 46150, 46150, 46150, 46150, 46150, 46150, 46150, 46240, 46240, 46240, 46240, 46180, 46180, 46180, 46180, 46160, 46160, 46160, 46160, 46160, 46000, 46000, 46000, 46000, 46000, 46130, 46130, 46130, 46130, 46130]",16.434034,103.5059403,RE2,COOR2993,2025-10-20 23:11:54,2025-10-20 23:11:54
PROV36,สกลนคร,Sakon Nakhon,"[47000, 47220, 47000, 47000, 47000, 47000, 47000, 47000, 47000, 47000, 47000, 47000, 47000, 47220, 47000, 47000, 47210, 47210, 47230, 47210, 47230, 47180, 47180, 47180, 47130, 47130, 47220, 47220, 47130, 47130, 47130, 47130, 47130, 47130, 47160, 47160, 47160, 47160, 47160, 47150, 47150, 47150, 47150, 47150, 47270, 47270, 47270, 47270, 47120, 47120, 47120, 47120, 47120, 47120, 47120, 47120, 47120, 47120, 47120, 47120, 47120, 47120, 47250, 47250, 47250, 47250, 47140, 47140, 47140, 47140, 47140, 47140, 47140, 47140, 47140, 47170, 47170, 47170, 47170, 47170, 47170, 47170, 47170, 47110, 47110, 47110, 47110, 47110, 47110, 47110, 47110, 47110, 47240, 47240, 47110, 47240, 47240, 47240, 47110, 47190, 47190, 47190, 47190, 47260, 47260, 47260, 47260, 47280, 47280, 47280, 47280, 47290, 47290, 47290, 47290, 47290, 47230, 47230, 47230, 47230, 47230, 47180, 47180, 47180, 47180]",17.1651224,104.1500731,RE2,COOR3209,2025-10-20 23:11:54,2025-10-20 23:11:54
PROV37,นครพนม,Nakhon Phanom,"[48000, 48000, 48000, 48000, 48000, 48000, 48000, 48000, 48000, 48000, 48000, 48000, 48000, 48000, 48000, 48160, 48160, 48160, 48160, 48160, 48160, 48160, 48160, 48120, 48120, 48120, 48120, 48120, 48120, 48120, 48120, 48120, 48140, 48140, 48140, 48140, 48140, 48140, 48110, 48110, 48110, 48110, 48110, 48110, 48110, 48110, 48110, 48110, 48110, 48110, 48170, 48170, 48170, 48170, 48170, 48170, 48170, 48170, 48130, 48130, 48130, 48130, 48130, 48130, 48130, 48130, 48130, 48130, 48130, 48130, 48150, 48150, 48150, 48150, 48150, 48150, 48150, 48150, 48150, 48180, 48180, 48180, 48180, 48180, 48180, 48190, 48190, 48190, 48190, 48190, 48190, 48190, 48140, 48140, 48140, 48130, 48130, 48130, 48130]",17.1990989,104.6089459,RE2,COOR3329,2025-10-20 23:11:54,2025-10-20 23:11:54
PROV38,มุกดาหาร,Mukdahan,"[49000, 49000, 49000, 49000, 49000, 49000, 49000, 49000, 49000, 49000, 49000, 49000, 49000, 49130, 49130, 49130, 49130, 49130, 49130, 49130, 49120, 49120, 49120, 49120, 49120, 49120, 49120, 49140, 49140, 49140, 49140, 49140, 49140, 49110, 49110, 49110, 49110, 49110, 49110, 49110, 49110, 49110, 49150, 49150, 49150, 49150, 49150, 49160, 49160, 49160, 49160, 49160, 49160]",16.6972385,104.3470293,RE2,COOR3237,2025-10-20 23:11:54,2025-10-20 23:11:54
PROV39,เชียงใหม่,Chiang Mai,"[50200, 50200, 50100, 50300, 50100, 50000, 50300, 50200, 50100, 50100, 50000, 50000, 50000, 50000, 50300, 50300, 50160, 50160, 50160, 50240, 50160, 50240, 50270, 50270, 50270, 50270, 50270, 58130, 50270, 50270, 58130, 58130, 50170, 50170, 50170, 50170, 50170, 50170, 50170, 50220, 50220, 50220, 50220, 50220, 50220, 50220, 50220, 50220, 50220, 50220, 50220, 50220, 50220, 50150, 50150, 50150, 50150, 50150, 50150, 50150, 50330, 50150, 50150, 50150, 50150, 50150, 50150, 50180, 50180, 50180, 50180, 50330, 50180, 50180, 50180, 50180, 50180, 50180, 50250, 50250, 50250, 50250, 50250, 50110, 50110, 50320, 50110, 50110, 50110, 50110, 50280, 50280, 50280, 50280, 50280, 50280, 50280, 50190, 50190, 50190, 50190, 50190, 50190, 50190, 50190, 50190, 50190, 50190, 50120, 50120, 50120, 50120, 50120, 50120, 50120, 50120, 50120, 50120, 50120, 50130, 50130, 50130, 50130, 50130, 50130, 50130, 50130, 50130, 50130, 50210, 50210, 50210, 50210, 50210, 50210, 50210, 50290, 50290, 50290, 50210, 50210, 50230, 50230, 50230, 50340, 50230, 50230, 50230, 50230, 50230, 50230, 50230, 50240, 50240, 50240, 50240, 50240, 50240, 50260, 50260, 50260, 50260, 50260, 50260, 50310, 50310, 50310, 50310, 50310, 50310, 50140, 50140, 50140, 50140, 50140, 50140, 50140, 50140, 50140, 50140, 50140, 50140, 50350, 50350, 50350, 50320, 50320, 50320, 50320, 50320, 50360, 50360, 50360, 50360, 50360, 50130, 50130, 50130, 50130, 50130, 50130, 50160, 50160, 50160, 50160]",18.7882778,98.9858802,RE1,COOR505,2025-10-20 23:11:54,2025-10-20 23:11:54
PROV4,ปทุมธานี,Pathum Thani,"[12000, 12000, 12000, 12000, 12000, 12000, 12000, 12000, 12000, 12000, 12000, 12000, 12000, 12000, 12120, 12120, 12120, 12120, 12120, 12120, 12120, 12130, 12130, 12110, 12110, 12110, 12110, 12170, 12170, 12170, 12170, 12170, 12170, 12170, 12140, 12140, 12140, 12140, 12140, 12140, 12140, 12130, 12150, 12150, 12150, 12150, 12150, 12150, 12150, 12160, 12160, 12160, 12160, 12160, 12160, 12160, 12160, 12160, 12160, 12160]",14.048667,100.5640405,RE3,COOR1643,2025-10-20 23:11:54,2025-10-20 23:11:54
PROV40,ลำพูน,Lamphun,"[51000, 51000, 51150, 51150, 51000, 51000, 51000, 51000, 51000, 51000, 51000, 51000, 51000, 51000, 51000, 51140, 51140, 51170, 51170, 51170, 51170, 51130, 51130, 51130, 51130, 51130, 51110, 51110, 51110, 51110, 51110, 51110, 51110, 51110, 51160, 51160, 51160, 51120, 51120, 51120, 51120, 51120, 51120, 51120, 51120, 51120, 51180, 51180, 51120, 51120, 51120]",18.5776383,99.0069034,RE1,COOR503,2025-10-20 23:11:54,2025-10-20 23:11:54
PROV41,ลำปาง,Lampang,"[52000, 52000, 52100, 52100, 52000, 52100, 52000, 52100, 52000, 52000, 52000, 52000, 52100, 52100, 52100, 52100, 52000, 52000, 52000, 52220, 52220, 52220, 52220, 52220, 52130, 52130, 52130, 52130, 52130, 52130, 52130, 52130, 52130, 52210, 52210, 52210, 52210, 52110, 52110, 52110, 52110, 52110, 52110, 52110, 52110, 52110, 52110, 52120, 52120, 52120, 52120, 52120, 52120, 52120, 52140, 52140, 52140, 52140, 52140, 52140, 52140, 52140, 52160, 52230, 52160, 52160, 52160, 52160, 52160, 52160, 52180, 52180, 52180, 52180, 52150, 52150, 52150, 52150, 52150, 52150, 52150, 52150, 52150, 52150, 52170, 52170, 52170, 52170, 52190, 52190, 52190, 52190, 52190, 52190, 52190, 52240, 52240, 52240, 52240, 52240]",18.2899489,99.4958526,RE1,COOR849,2025-10-20 23:11:54,2025-10-20 23:11:54
PROV42,อุตรดิตถ์,Uttaradit,"[53000, 53000, 53000, 53000, 53000, 53170, 53000, 53000, 53000, 53000, 53000, 53000, 53000, 53000, 53000, 53000, 53000, 53140, 53140, 53140, 53140, 53140, 53150, 53150, 53190, 53150, 53150, 53110, 53150, 53190, 53110, 53110, 53110, 53110, 53110, 53110, 53160, 53160, 53160, 53160, 53180, 53180, 53180, 53180, 53120, 53220, 53120, 53220, 53120, 53120, 53120, 53120, 53120, 53120, 53120, 53130, 53130, 53130, 53130, 53130, 53210, 53210, 53210, 53230, 53230, 53230, 53230]",17.6217255,100.0981816,RE1,COOR1395,2025-10-20 23:11:54,2025-10-20 23:11:54
PROV43,แพร่,Phrae,"[54000, 54000, 54000, 54000, 54000, 54000, 54000, 54000, 54000, 54000, 54000, 54000, 54000, 54000, 54000, 54000, 54000, 54000, 54000, 54000, 54140, 54140, 54140, 54140, 54140, 54140, 54140, 54140, 54140, 54140, 54140, 54150, 54150, 54150, 54150, 54150, 54150, 54150, 54150, 54150, 54130, 54130, 54130, 54130, 54130, 54130, 54130, 54130, 54130, 54130, 54000, 54130, 54110, 54110, 54110, 54110, 54110, 54120, 54120, 54120, 54120, 54120, 54120, 54120, 54120, 54160, 54160, 54160, 54160, 54160, 54160, 54160, 54170, 54170, 54170, 54170, 54170, 54170]",18.14177,100.1425639,RE1,COOR1399,2025-10-20 23:11:54,2025-10-20 23:11:54
PROV44,น่าน,Nan,"[55000, 55000, 55000, 55000, 55000, 55000, 55000, 55000, 55000, 55000, 55000, 55170, 55170, 55170, 55170, 55170, 55190, 55190, 55190, 55190, 55150, 55150, 55150, 55150, 55150, 55150, 55150, 55120, 55120, 55120, 55120, 55120, 55120, 55120, 55120, 55120, 55120, 55120, 55120, 55140, 55140, 55140, 55140, 55140, 55140, 55140, 55140, 55140, 55140, 55110, 55110, 55110, 55110, 55110, 55110, 55110, 55110, 55110, 55110, 55110, 55110, 55110, 55110, 55110, 55110, 55110, 55130, 55130, 55130, 55130, 55160, 55160, 55160, 55160, 55160, 55160, 55180, 55180, 55180, 55180, 55210, 55210, 55210, 55220, 55220, 55220, 55220, 55160, 55160, 55160, 55000, 55000, 55000, 55000, 55000, 55000, 55000, 55130, 55130]",18.7544594,100.624804,RE1,COOR1744,2025-10-20 23:11:54,2025-10-20 23:11:54
PROV45,พะเยา,Phayao,"[56000, 56000, 56000, 56000, 56000, 56000, 56000, 56000, 56000, 56000, 56000, 56000, 56000, 56000, 56000, 56150, 56150, 56150, 56150, 56150, 56150, 56150, 56110, 56110, 56110, 56110, 56110, 56110, 56110, 56110, 56110, 56110, 56160, 56160, 56160, 56120, 56120, 56120, 56120, 56120, 56120, 56120, 56120, 56120, 56120, 56120, 56120, 56140, 56140, 56140, 56140, 56140, 56140, 56140, 56130, 56130, 56130, 56130, 56130, 56130, 56110, 56110, 56110, 56110, 56110, 56000, 56000, 56000]",19.341673,100.1854539,RE1,COOR1486,2025-10-20 23:11:54,2025-10-20 23:11:54
PROV46,เชียงราย,Chiang Rai,"[57000, 57000, 57100, 57100, 57100, 57100, 57000, 57000, 57000, 57000, 57100, 57000, 57000, 57000, 57000, 57100, 57210, 57210, 57210, 57210, 57210, 57140, 57140, 57140, 57140, 57140, 57230, 57140, 57160, 57160, 57230, 57230, 57230, 57160, 57160, 57160, 57160, 57160, 57120, 57120, 57250, 57120, 57120, 57120, 57120, 57120, 57120, 57120, 57120, 57280, 57120, 57280, 57120, 57190, 57190, 57190, 57190, 57190, 57110, 57270, 57240, 57110, 57110, 57110, 57110, 57240, 57110, 57270, 57110, 57150, 57150, 57150, 57150, 57150, 57150, 57130, 57220, 57130, 57130, 57130, 57130, 57220, 57130, 57180, 57180, 57180, 57180, 57180, 57180, 57180, 57170, 57170, 57170, 57170, 57260, 57260, 57260, 57290, 57290, 57290, 57290, 57290, 57310, 57310, 57310, 57310, 57340, 57340, 57340, 57240, 57110, 57110, 57240, 57250, 57250, 57250, 57250, 57000, 57210, 57210, 57210, 57110, 57110, 57110]",19.7589517,99.6734592,RE1,COOR1053,2025-10-20 23:11:54,2025-10-20 23:11:54
PROV47,แม่ฮ่องสอน,Mae Hong Son,"[58000, 58000, 58000, 58000, 58000, 58000, 58000, 58140, 58140, 58140, 58140, 58140, 58140, 58130, 58130, 58130, 58130, 58130, 58130, 58130, 58110, 58110, 58110, 58110, 58110, 58110, 58110, 58120, 58120, 58120, 58120, 58120, 58120, 58120, 58120, 58110, 58110, 58110, 58110, 58110, 58110, 58150, 58150, 58150, 58150]",19.3927456,98.2031112,RE1,COOR99,2025-10-20 23:11:54,2025-10-20 23:11:54
PROV48,นครสวรรค์,Nakhon Sawan,"[60000, 60000, 60000, 60000, 60000, 60000, 60000, 60000, 60000, 60000, 60000, 60000, 60000, 60240, 60240, 60000, 60000, 60170, 60170, 60170, 60170, 60170, 60170, 60170, 60170, 60170, 60120, 60250, 60120, 60120, 60120, 60120, 60120, 60250, 60120, 60120, 60120, 60250, 60110, 60110, 60110, 60110, 60110, 60110, 60110, 60110, 60110, 60180, 60180, 60180, 60180, 60180, 60180, 60180, 60180, 60180, 60180, 60180, 60180, 60180, 60230, 60230, 60230, 60230, 60230, 60140, 60210, 60260, 60210, 60140, 60140, 60140, 60210, 60260, 60210, 60160, 60160, 60160, 60160, 60160, 60160, 60160, 60160, 60160, 60160, 60220, 60220, 60220, 60220, 60220, 60220, 60220, 60220, 60130, 60130, 60130, 60130, 60130, 60130, 60130, 60130, 60130, 60130, 60130, 60150, 60150, 60150, 60150, 60150, 60150, 60150, 60150, 60150, 60150, 60150, 60150, 60190, 60190, 60190, 60190, 60190, 60190, 60190, 60150, 60150, 60150, 60150, 60150, 60150, 60150]",15.705783,100.1330046,RE3,COOR1378,2025-10-20 23:11:54,2025-10-20 23:11:54
PROV49,อุทัยธานี,Uthai Thani,"[61000, 61000, 61000, 61000, 61000, 61000, 61000, 61000, 61000, 61000, 61000, 61000, 61000, 61000, 61120, 61120, 61120, 61120, 61120, 61120, 61120, 61120, 61120, 61120, 61150, 61150, 61150, 61150, 61150, 61110, 61110, 61110, 61110, 61110, 61110, 61110, 61110, 61170, 61110, 61130, 61130, 61130, 61130, 61130, 61130, 61130, 61130, 61130, 61140, 61140, 61140, 61140, 61180, 61180, 61140, 61180, 61180, 61140, 61180, 61180, 61140, 61160, 61160, 61160, 61160, 61160, 61160, 61170, 61170, 61170]",15.3912084,99.4560531,RE3,COOR823,2025-10-20 23:11:54,2025-10-20 23:11:54
PROV5,พระนครศรีอยุธยา,Phra Nakhon Si Ayutthaya,"[13000, 13000, 13000, 13000, 13000, 13000, 13000, 13000, 13000, 13000, 13000, 13000, 13000, 13000, 13000, 13000, 13000, 13000, 13000, 13000, 13000, 13130, 13130, 13130, 13130, 13130, 13130, 13130, 13130, 13130, 13130, 13260, 13260, 13260, 13260, 13260, 13260, 13260, 13260, 13260, 13260, 13260, 13260, 13190, 13190, 13190, 13190, 13190, 13190, 13190, 13190, 13190, 13190, 13190, 13190, 13190, 13190, 13190, 13190, 13190, 13190, 13290, 13290, 13290, 13290, 13190, 13250, 13250, 13250, 13250, 13250, 13250, 13250, 13250, 13250, 13250, 13250, 13250, 13250, 13250, 13250, 13250, 13160, 13180, 13160, 13160, 13160, 13160, 13160, 13160, 13160, 13160, 13160, 13160, 13160, 13160, 13160, 13170, 13160, 13160, 13220, 13220, 13220, 13220, 13220, 13220, 13220, 13220, 13220, 13220, 13220, 13220, 13220, 13220, 13220, 13220, 13220, 13120, 13120, 13120, 13120, 13120, 13120, 13280, 13280, 13120, 13280, 13120, 13280, 13280, 13120, 13120, 13120, 13140, 13140, 13140, 13140, 13140, 13140, 13140, 13140, 13230, 13230, 13230, 13230, 13230, 13230, 13230, 13170, 13170, 13170, 13170, 13170, 13170, 13170, 13170, 13170, 13170, 13110, 13110, 13110, 13110, 13110, 13110, 13110, 13110, 13110, 13110, 13110, 13110, 13110, 13110, 13110, 13110, 13110, 13270, 13270, 13270, 13270, 13270, 13270, 13210, 13210, 13210, 13210, 13210, 13210, 13210, 13210, 13210, 13210, 13210, 13150, 13150, 13150, 13150, 13150, 13150, 13150, 13150, 13150, 13150, 13150, 13150, 13240, 13240, 13240, 13240, 13240]",14.3189468,100.5111681,RE3,COOR1645,2025-10-20 23:11:54,2025-10-20 23:11:54
PROV50,กำแพงเพชร,Kamphaeng Phet,"[62000, 62160, 62000, 62000, 62000, 62000, 62000, 62000, 62000, 62000, 62000, 62000, 62000, 62000, 62160, 62000, 62150, 62150, 62150, 62150, 62150, 62150, 62150, 62180, 62180, 62180, 62180, 62130, 62130, 62130, 62140, 62140, 62140, 62140, 62140, 62140, 62140, 62130, 62120, 62120, 62120, 62120, 62120, 62120, 62120, 62120, 62120, 62120, 62110, 62110, 62110, 62110, 62110, 62110, 62110, 62110, 62110, 62110, 62170, 62170, 62170, 62170, 62170, 62170, 62170, 62190, 62190, 62190, 62120, 62120, 62120, 62210, 62210, 62210, 62210, 62000, 62000, 62000]",16.4183581,99.6111616,RE1,COOR1023,2025-10-20 23:11:54,2025-10-20 23:11:54
PROV51,ตาก,Tak,"[63000, 63000, 63000, 63000, 63000, 63000, 63000, 63000, 63000, 63000, 63000, 63000, 63000, 63000, 63120, 63120, 63120, 63120, 63120, 63120, 63120, 63130, 63130, 63130, 63130, 63130, 63130, 63140, 63140, 63140, 63140, 63140, 63140, 63150, 63150, 63150, 63150, 63150, 63150, 63110, 63110, 63110, 63110, 63110, 63110, 63110, 63110, 63110, 63110, 63160, 63160, 63160, 63160, 63160, 63170, 63170, 63170, 63170, 63170, 63170, 63000, 63000, 63000]",17.1053568,98.9953943,RE1,COOR490,2025-10-20 23:11:54,2025-10-20 23:11:54
PROV52,สุโขทัย,Sukhothai,"[64000, 64220, 64210, 64000, 64000, 64000, 64000, 64220, 64000, 64210, 64140, 64140, 64140, 64140, 64140, 64140, 64140, 64160, 64160, 64160, 64160, 64160, 64160, 64160, 64160, 64160, 64160, 64170, 64170, 64170, 64170, 64170, 64170, 64170, 64170, 64170, 64170, 64170, 64130, 64130, 64130, 64130, 64130, 64130, 64190, 64190, 64130, 64130, 64130, 64120, 64120, 64120, 64120, 64120, 64120, 64120, 64120, 64120, 64120, 64120, 64120, 64120, 64110, 64110, 64110, 64110, 64110, 64110, 64110, 64110, 64110, 64110, 64110, 64110, 64110, 64110, 64180, 64180, 64180, 64180, 64180, 64230, 64150, 64150, 64150, 64230]",17.1446985,99.4375845,RE1,COOR838,2025-10-20 23:11:54,2025-10-20 23:11:54
PROV53,พิษณุโลก,Phitsanulok,"[65000, 65230, 65000, 65230, 65000, 65000, 65000, 65000, 65000, 65000, 65000, 65000, 65000, 65000, 65000, 65000, 65000, 65000, 65000, 65230, 65120, 65120, 65120, 65120, 65120, 65120, 65120, 65120, 65120, 65120, 65120, 65170, 65170, 65170, 65170, 65170, 65170, 65140, 65140, 65140, 65140, 65140, 65140, 65240, 65140, 65140, 65140, 65240, 65110, 65110, 65110, 65110, 65110, 65110, 65110, 65210, 65210, 65150, 65150, 65180, 65150, 65150, 65180, 65180, 65150, 65150, 65180, 65150, 65180, 65160, 65160, 65160, 65160, 65160, 65160, 65130, 65130, 65130, 65220, 65130, 65220, 65130, 65130, 65130, 65130, 65130, 65190, 65190, 65190, 65190, 65190, 65190, 65190, 65190]",16.9779975,100.3848239,RE1,COOR1605,2025-10-20 23:11:54,2025-10-20 23:11:54
PROV54,พิจิตร,Phichit,"[66000, 66000, 66000, 66000, 66000, 66000, 66000, 66000, 66000, 66000, 66000, 66170, 66170, 66000, 66000, 66170, 66180, 66180, 66180, 66180, 66190, 66190, 66190, 66190, 66190, 66190, 66190, 66110, 66110, 66110, 66110, 66110, 66150, 66110, 66110, 66110, 66110, 66150, 66110, 66110, 66120, 66120, 66120, 66120, 66120, 66120, 66120, 66120, 66210, 66120, 66130, 66130, 66130, 66130, 66130, 66130, 66130, 66130, 66130, 66130, 66130, 66140, 66140, 66140, 66140, 66140, 66150, 66230, 66230, 66150, 66160, 66160, 66160, 66160, 66160, 66130, 66130, 66130, 66130, 66130, 66210, 66210, 66210, 66210, 66210, 66140, 66140, 66140, 66220]",16.4428085,100.3438228,RE1,COOR1531,2025-10-20 23:11:54,2025-10-20 23:11:54
PROV55,เพชรบูรณ์,Phetchabun,"[67000, 67000, 67000, 67000, 67000, 67000, 67250, 67000, 67000, 67000, 67000, 67210, 67210, 67000, 67210, 67000, 67210, 67150, 67190, 67150, 67150, 67150, 67190, 67150, 67190, 67150, 67110, 67110, 67110, 67110, 67110, 67110, 67110, 67110, 67110, 67110, 67110, 67110, 67110, 67110, 67110, 67110, 67110, 67110, 67110, 67110, 67110, 67110, 67110, 67120, 67120, 67120, 67120, 67120, 67120, 67120, 67120, 67120, 67130, 67130, 67130, 67130, 67130, 67130, 67180, 67180, 67180, 67180, 67130, 67180, 67130, 67180, 67170, 67170, 67170, 67170, 67170, 67170, 67170, 67140, 67220, 67140, 67140, 67140, 67140, 67220, 67140, 67140, 67140, 67140, 67220, 67140, 67160, 67160, 67160, 67160, 67230, 67160, 67160, 67160, 67160, 67260, 67260, 67260, 67260, 67240, 67240, 67240, 67240, 67240, 67270, 67280, 67270, 67270, 67270, 67270, 67280]",16.3293171,100.9552749,RE1,COOR1912,2025-10-20 23:11:54,2025-10-20 23:11:54
PROV56,ราชบุรี,Ratchaburi,"[70000, 70000, 70000, 70000, 70000, 70000, 70000, 70000, 70000, 70000, 70000, 70000, 70000, 70000, 70000, 70000, 70000, 70000, 70000, 70000, 70000, 70000, 70150, 70150, 70150, 70150, 70150, 70150, 70180, 70180, 70180, 70180, 70130, 70210, 70130, 70130, 70130, 70130, 70210, 70130, 70130, 70130, 70130, 70130, 70130, 70110, 70110, 70190, 70110, 70110, 70110, 70110, 70110, 70110, 70110, 70110, 70110, 70110, 70110, 70110, 70160, 70160, 70160, 70160, 70160, 70160, 70160, 70120, 70120, 70120, 70120, 70120, 70120, 70120, 70120, 70120, 70120, 70120, 70120, 70120, 70120, 70120, 70120, 70120, 70120, 70120, 70140, 70140, 70140, 70140, 70140, 70140, 70140, 70140, 70140, 70140, 70140, 70140, 70170, 70170, 70170, 70180, 70180, 70180]",13.539067,99.8197035,RE3,COOR1096,2025-10-20 23:11:54,2025-10-20 23:11:54
PROV57,กาญจนบุรี,Kanchanaburi,"[71000, 71000, 71000, 71000, 71000, 71190, 71190, 71190, 71190, 71000, 71000, 71000, 71000, 71150, 71150, 71150, 71150, 71150, 71150, 71150, 71160, 71160, 71220, 71160, 71160, 71220, 71250, 71250, 71250, 71250, 71220, 71250, 71120, 71120, 71130, 71120, 71130, 71120, 71130, 71120, 71120, 71130, 71120, 71130, 71120, 71130, 70190, 71120, 71130, 71110, 71110, 71110, 71110, 71110, 71110, 71110, 71110, 71110, 71110, 71130, 71110, 71110, 71180, 71180, 71180, 71180, 71180, 71180, 71180, 71240, 71240, 71240, 71140, 71140, 71140, 71140, 71140, 71170, 71140, 71140, 71210, 71210, 71210, 71210, 71210, 71210, 71210, 71260, 71260, 71260, 71260, 71220, 71220, 71220, 71170, 71170, 71170, 71170]",14.0227073,99.5323173,RE1,COOR903,2025-10-20 23:11:54,2025-10-20 23:11:54
PROV58,สุพรรณบุรี,Suphan Buri,"[72000, 72000, 72000, 72000, 72000, 72000, 72000, 72000, 72000, 72000, 72000, 72000, 72230, 72230, 72210, 72210, 72210, 72000, 72000, 72230, 72120, 72120, 72120, 72120, 72120, 72120, 72120, 72120, 72120, 72120, 72120, 72120, 72120, 72120, 72180, 72180, 72180, 72180, 72180, 72180, 72180, 72150, 72150, 72150, 72150, 72150, 72150, 72150, 72150, 72150, 72150, 72150, 72150, 72150, 72150, 72140, 72140, 72140, 72140, 72140, 72140, 72140, 72140, 72140, 72170, 72170, 72170, 72250, 72250, 72110, 72110, 72110, 72110, 72110, 72110, 72110, 72110, 72110, 72110, 72110, 72190, 72110, 72190, 72110, 72130, 72130, 72130, 72130, 72130, 72130, 72130, 72160, 72220, 72160, 72160, 72160, 72220, 72160, 72160, 72160, 72160, 72160, 72220, 72160, 72240, 72240, 72240, 72240, 72240, 72240]",14.6777,100.0350785,RE3,COOR1291,2025-10-20 23:11:54,2025-10-20 23:11:54
PROV59,นครปฐม,Nakhon Pathom,"[73000, 73000, 73000, 73000, 73000, 73000, 73000, 73000, 73000, 73000, 73000, 73000, 73000, 73000, 73000, 73000, 73000, 73000, 73000, 73000, 73000, 73000, 73000, 73000, 73000, 73140, 73180, 73140, 73140, 73140, 73140, 73140, 73140, 73180, 73140, 73180, 73140, 73140, 73140, 73140, 73120, 73120, 73120, 73120, 73120, 73120, 73120, 73120, 73120, 73120, 73120, 73120, 73120, 73120, 73120, 73120, 73120, 73120, 73120, 73120, 73120, 73120, 73120, 73120, 73150, 73150, 73150, 73150, 73150, 73150, 73150, 73150, 73130, 73130, 73190, 73130, 73130, 73130, 73190, 73130, 73130, 73130, 73130, 73130, 73130, 73130, 73130, 73110, 73210, 73110, 73210, 73210, 73110, 73110, 73210, 73110, 73220, 73110, 73110, 73110, 73110, 73110, 73160, 73170, 73170, 73170]",13.8190071,100.0639917,RE3,COOR1361,2025-10-20 23:11:54,2025-10-20 23:11:54
PROV6,อ่างทอง,Ang Thong,"[14000, 14000, 14000, 14000, 14000, 14000, 14000, 14000, 14000, 14000, 14000, 14000, 14000, 14000, 14140, 14140, 14140, 14140, 14140, 14140, 14140, 14140, 14140, 14130, 14130, 14130, 14130, 14130, 14130, 14130, 14130, 14120, 14120, 14120, 14120, 14120, 14120, 14120, 14120, 14120, 14120, 14120, 14120, 14120, 14120, 14120, 14150, 14150, 14150, 14150, 14150, 14150, 14150, 14110, 14110, 14110, 14110, 14110, 14110, 14110, 14110, 14110, 14110, 14110, 14110, 14110, 14110, 14110, 14160, 14160, 14160, 14160, 14160]",14.6495224,100.3170382,RE3,COOR1515,2025-10-20 23:11:54,2025-10-20 23:11:54
PROV60,สมุทรสาคร,Samut Sakhon,"[74000, 74000, 74000, 74000, 74000, 74000, 74000, 74000, 74000, 74000, 74000, 74000, 74000, 74000, 74000, 74000, 74000, 74000, 74110, 74130, 74110, 74110, 74110, 74110, 74110, 74110, 74110, 74110, 74120, 74120, 74120, 74120, 74120, 74120, 74120, 74120, 74120, 74120, 74120, 74120]",13.5708192,100.2585874,RE1,COOR1435,2025-10-20 23:11:54,2025-10-20 23:11:54
PROV61,สมุทรสงคราม,Samut Songkhram,"[75000, 75000, 75000, 75000, 75000, 75000, 75000, 75000, 75000, 75000, 75000, 75120, 75120, 75120, 75120, 75120, 75120, 75120, 75120, 75120, 75120, 75120, 75120, 75120, 75110, 75110, 75110, 75110, 75110, 75110, 75110, 75110, 75110, 75110, 75110, 75110]",13.3576862,99.9619685,RE1,COOR1279,2025-10-20 23:11:54,2025-10-20 23:11:54
PROV62,เพชรบุรี,Phetchaburi,"[76000, 76000, 76000, 76000, 76000, 76000, 76000, 76000, 76000, 76000, 76000, 76000, 76000, 76000, 76000, 76000, 76100, 76000, 76000, 76000, 76000, 76000, 76000, 76000, 76140, 76140, 76140, 76140, 76140, 76140, 76140, 76140, 76140, 76140, 76160, 76160, 76160, 76160, 76120, 76120, 76120, 76120, 76120, 76120, 76120, 76120, 76120, 76130, 76130, 76130, 76130, 76130, 76130, 76130, 76130, 76130, 76130, 76130, 76130, 76150, 76150, 76150, 76150, 76150, 76150, 76150, 76150, 76150, 76150, 76150, 76150, 76150, 76150, 76150, 76150, 76150, 76150, 76110, 76110, 76110, 76110, 76100, 76110, 76110, 76110, 76110, 76110, 76170, 76170, 76170, 76170, 76170, 76170]",13.0692869,99.6044376,RE1,COOR894,2025-10-20 23:11:54,2025-10-20 23:11:54
PROV63,ประจวบคีรีขันธ์,Prachuap Khiri Khan,"[77000, 77000, 77000, 77000, 77000, 77210, 77150, 77150, 77150, 77150, 77150, 77150, 77130, 77130, 77130, 77130, 77130, 77130, 77140, 77140, 77230, 77190, 77190, 77230, 77140, 77170, 77170, 77170, 77170, 77170, 77120, 77120, 77220, 77120, 77120, 77120, 77110, 77110, 77110, 77110, 77110, 77110, 77110, 77120, 77180, 77180, 77180, 77180]",12.0432669,99.7487235,RE5,COOR1083,2025-10-20 23:11:54,2025-10-20 23:11:54
PROV64,นครศรีธรรมราช,Nakhon Si Thammarat,"[80000, 80000, 80000, 80000, 80000, 80280, 80280, 80000, 80000, 80000, 80280, 80000, 80330, 80000, 80000, 80290, 80320, 80320, 80320, 80320, 80320, 80230, 80230, 80230, 80230, 80230, 80150, 80250, 80260, 80150, 80260, 80150, 80260, 80150, 80260, 80250, 80270, 80270, 80270, 80270, 80270, 80190, 80190, 80190, 80190, 80190, 80190, 80190, 80190, 80190, 80190, 80180, 80180, 80180, 80180, 80180, 80180, 80180, 80180, 80180, 80180, 80180, 80160, 80160, 80160, 80160, 80160, 80160, 80160, 80160, 80160, 80160, 80110, 80110, 80110, 80110, 80110, 80110, 80110, 80310, 80110, 80110, 80110, 80110, 80110, 80220, 80220, 80220, 80240, 80240, 80240, 80240, 80240, 80240, 80240, 80140, 80330, 80140, 80330, 80140, 80330, 80140, 80140, 80140, 80140, 80140, 80140, 80140, 80140, 80140, 80140, 80140, 80140, 80130, 80350, 80350, 80130, 80130, 80130, 80120, 80120, 80120, 80340, 80120, 80120, 80340, 80120, 80120, 80210, 80210, 80210, 80170, 80170, 80170, 80170, 80170, 80170, 80170, 80170, 80170, 80170, 80170, 80360, 80360, 80360, 80360, 80260, 80260, 80260, 80180, 80180, 80130, 80130, 80130, 80130, 80000, 80000, 80000, 80000, 80160, 80160, 80160, 80160, 80250, 80250, 80250, 80190, 80290, 80190, 80190]",8.4327951,99.9627967,RE5,COOR78,2025-10-20 23:11:54,2025-10-20 23:11:54
PROV65,กระบี่,Krabi,"[81000, 81000, 81000, 81000, 81000, 81000, 81000, 81000, 81000, 81000, 81140, 81140, 80240, 81140, 81140, 80240, 81150, 81150, 81120, 81120, 81150, 81120, 81120, 81170, 81170, 81120, 81120, 81120, 81110, 81110, 81110, 81110, 81110, 81110, 81110, 81110, 81110, 81160, 81160, 81160, 81160, 81120, 81120, 81120, 81120, 81130, 81130, 81130, 81130, 81130, 81130, 81130, 81130]",8.0634637,98.9162345,RE5,COOR364,2025-10-20 23:11:54,2025-10-20 23:11:54
PROV66,พังงา,Phangnga,"[82000, 82000, 82000, 82000, 82000, 82000, 82000, 82000, 82000, 82160, 82160, 83000, 82170, 82170, 82170, 82170, 82170, 82130, 82130, 82130, 82130, 82140, 82140, 82130, 82110, 82110, 82110, 82110, 82110, 82110, 82190, 82190, 82150, 82150, 82150, 82150, 82180, 82180, 82180, 82180, 82180, 82180, 82120, 82120, 82120, 82120, 82120, 82120]",8.4939953,98.4793793,RE5,COOR146,2025-10-20 23:11:54,2025-10-20 23:11:54
PROV67,ภูเก็ต,Phuket,"[83000, 83000, 83000, 83000, 83000, 83130, 83130, 83100, 83120, 83150, 83150, 83110, 83110, 83110, 83110, 83110, 83110]",7.9366015,98.3529292,RE5,COOR104,2025-10-20 23:11:54,2025-10-20 23:11:54
PROV68,สุราษฎร์ธานี,Surat Thani,"[84000, 84000, 84000, 84100, 84000, 84000, 84000, 84000, 84000, 84000, 84000, 84290, 84160, 84160, 84290, 84160, 84160, 84160, 84160, 84160, 84160, 84160, 84290, 84160, 84220, 84160, 84220, 84340, 84140, 84140, 84140, 84140, 84310, 84320, 84330, 84280, 84280, 84280, 84110, 84110, 84110, 84110, 84110, 84110, 84110, 84110, 84110, 84170, 84170, 84170, 84170, 84170, 84170, 84180, 84180, 84180, 84180, 84180, 84180, 84180, 84180, 84230, 84230, 84230, 84230, 84250, 84250, 84250, 84250, 84250, 84250, 84150, 84150, 84150, 84150, 84150, 84150, 84120, 84270, 84120, 84120, 84120, 84270, 84120, 84120, 84120, 84120, 84120, 84240, 84240, 84240, 84240, 84260, 84210, 84260, 84260, 84260, 84190, 84190, 84190, 84190, 84190, 84210, 84210, 84210, 84210, 84210, 84210, 84210, 84130, 84130, 84130, 84130, 84130, 84130, 84130, 84130, 84130, 84130, 84130, 84130, 84130, 84130, 84130, 84130, 84350, 84350, 84350, 84350, 84180, 84180]",9.1404136,99.3241347,RE5,COOR700,2025-10-20 23:11:54,2025-10-20 23:11:54
PROV69,ระนอง,Ranong,"[85000, 85000, 85000, 85000, 85000, 85000, 85000, 85130, 85000, 85130, 85130, 85130, 85130, 85130, 85130, 85130, 85120, 85120, 85120, 85120, 85120, 85110, 85110, 85110, 85110, 85110, 85110, 85110, 85120, 85120]",9.964128,98.6340038,RE5,COOR248,2025-10-20 23:11:54,2025-10-20 23:11:54
PROV7,ลพบุรี,Loburi,"[15000, 15000, 15000, 13240, 15000, 15000, 15000, 15000, 15210, 15000, 15000, 15000, 15000, 15000, 15000, 15000, 15000, 15000, 15000, 15000, 15000, 15000, 15000, 15000, 15140, 15220, 15140, 15220, 15140, 15140, 15140, 18220, 15140, 15120, 15120, 15120, 15120, 15120, 15120, 15120, 15120, 15120, 15120, 15120, 15120, 15120, 15130, 15130, 15130, 15130, 15230, 15130, 15130, 15230, 15130, 15190, 15130, 15130, 15130, 15130, 15230, 15130, 15130, 15150, 15150, 15150, 15150, 15150, 15150, 15180, 15150, 15150, 15150, 15150, 15110, 15110, 15110, 15110, 15180, 15110, 15110, 15110, 15110, 15110, 15110, 15110, 15180, 15110, 15110, 15110, 15110, 15110, 15110, 15110, 15110, 15110, 15230, 15230, 15230, 15230, 15230, 15230, 15240, 15240, 15240, 15240, 15240, 15250, 15250, 15250, 15250, 15250, 15190, 15190, 15190, 15190, 15190, 15130, 15170, 15170, 15170, 15170, 15170, 15170]",14.7995,100.6534,RE1,COOR78,2025-10-20 23:11:54,2025-10-20 23:11:54
PROV70,ชุมพร,Chumphon,"[86000, 86120, 86000, 86000, 86000, 86000, 86000, 86000, 86000, 86000, 86190, 86190, 86000, 86100, 86100, 86120, 86100, 86140, 86140, 86140, 86140, 86190, 86140, 86140, 86190, 86140, 86140, 86160, 86160, 86230, 86160, 86210, 86210, 86210, 86110, 86110, 86110, 86110, 86110, 86110, 86110, 86150, 86150, 86110, 86110, 86110, 86110, 86170, 86170, 86170, 86170, 86180, 86180, 86180, 86180, 86130, 86130, 86130, 86130, 86130, 86130, 86130, 86130, 86130, 86130, 86130, 86220, 86220, 86220, 86220]",10.4961355,99.1778731,RE5,COOR615,2025-10-20 23:11:54,2025-10-20 23:11:54
PROV71,สงขลา,Songkhla,"[90000, 90000, 90000, 90100, 90000, 90100, 90190, 90190, 90190, 90190, 90190, 90190, 90190, 90190, 90190, 90190, 90190, 90130, 90130, 90130, 90130, 90130, 90130, 90130, 90130, 90130, 90130, 90130, 90130, 90130, 90130, 90160, 90160, 90160, 90160, 90160, 90160, 90160, 90160, 90160, 90160, 90150, 90150, 90150, 90260, 90260, 90260, 90150, 90210, 90210, 90210, 90210, 90210, 90210, 90210, 90210, 90210, 90140, 90140, 90140, 90140, 90140, 90140, 90140, 90140, 90140, 90140, 90140, 90140, 90270, 90270, 90270, 90270, 90180, 90180, 90180, 90180, 90180, 90120, 90120, 90170, 90120, 90240, 90170, 90240, 90320, 90170, 90110, 90110, 90110, 90110, 90110, 90110, 90110, 90110, 90110, 90110, 90110, 90250, 90230, 90310, 90310, 90310, 90310, 90220, 90220, 90220, 90220, 90110, 90110, 90110, 90110, 90280, 90280, 90280, 90330, 90330, 90330, 90330, 90330, 90280, 90330, 90330, 90230, 90230, 90230, 90115]",7.1973429,100.593205,RE5,COOR1638,2025-10-20 23:11:54,2025-10-20 23:11:54
PROV72,สตูล,Satun,"[91000, 91000, 91000, 91140, 91140, 91000, 91000, 91000, 91000, 91000, 91140, 91140, 91160, 91160, 91160, 91160, 91130, 91130, 91130, 91150, 91150, 91150, 91150, 91110, 91110, 91110, 91110, 91110, 91110, 91120, 91120, 91120, 91120, 91120, 91130, 91130]",7.0366682,99.9615397,RE5,COOR1258,2025-10-20 23:11:54,2025-10-20 23:11:54
PROV73,ตรัง,Trang,"[92000, 92000, 92000, 92000, 92000, 92170, 92000, 92000, 92000, 92000, 92000, 92000, 92000, 92190, 92190, 92110, 92110, 92110, 92110, 92110, 92110, 92110, 92110, 92110, 92110, 92110, 92110, 92110, 92110, 92140, 92140, 92140, 92140, 92140, 92140, 92140, 92140, 92120, 92180, 92180, 92140, 92140, 92120, 92180, 92120, 92140, 92180, 92150, 92150, 92150, 92150, 92000, 92130, 92130, 92210, 92210, 92130, 92130, 92130, 92190, 92130, 92130, 92190, 92210, 92130, 92130, 92130, 92210, 92220, 92220, 92220, 92000, 92220, 92170, 92170, 92170, 92170, 92170, 92170, 92160, 92160, 92160, 92130, 92160, 92120, 92120, 92120]",7.5557778,99.6076502,RE5,COOR866,2025-10-20 23:11:54,2025-10-20 23:11:54
PROV74,พัทลุง,Phatthalung,"[93000, 93000, 93000, 93000, 93000, 93000, 93000, 93000, 93000, 93000, 93000, 93000, 93000, 93000, 93180, 93000, 93180, 93180, 93000, 93130, 93130, 93130, 93130, 93130, 93160, 93160, 93160, 93110, 93150, 93110, 93110, 93110, 93110, 93110, 93110, 93150, 93150, 93110, 93110, 93120, 93120, 93120, 93120, 93120, 93120, 93120, 93190, 93190, 93190, 93170, 93170, 93170, 93170, 93170, 93140, 93140, 93140, 93110, 93110, 93110, 93110, 93000, 93000, 93000, 93000]",7.6209574,100.0857001,RE5,COOR1351,2025-10-20 23:11:54,2025-10-20 23:11:54
PROV75,ปัตตานี,Pattani,"[94000, 94000, 94000, 94000, 94000, 94000, 94000, 94000, 94000, 94000, 94000, 94000, 94000, 94120, 94120, 94120, 94120, 94120, 94180, 94180, 94180, 94120, 94120, 94180, 94120, 94170, 94170, 94170, 94170, 94170, 94170, 94170, 94170, 94170, 94170, 94170, 94170, 94130, 94130, 94130, 94130, 94190, 94130, 94130, 94130, 94130, 94130, 94140, 94140, 94140, 94140, 94140, 94190, 94140, 94140, 94140, 94140, 94140, 94140, 94140, 94140, 94140, 94140, 94140, 94110, 94110, 94110, 94110, 94110, 94110, 94110, 94110, 94110, 94110, 94190, 94220, 94220, 94220, 94220, 94150, 94150, 94150, 94190, 94150, 94150, 94150, 94150, 94150, 94150, 94150, 94150, 94190, 94150, 94150, 94150, 94150, 94150, 94160, 94160, 94160, 94160, 94160, 94160, 94160, 94160, 94160, 94160, 94160, 94160, 94230, 94230, 94230, 94180, 94180, 94180]",6.8676239,101.2498138,RE5,COOR2019,2025-10-20 23:11:54,2025-10-20 23:11:54
PROV76,ยะลา,Yala,"[95000, 95000, 95000, 95160, 95000, 95000, 95160, 95000, 95160, 95000, 95160, 95000, 95000, 95000, 95110, 95110, 95110, 95110, 95110, 95130, 95130, 95130, 95130, 95130, 95130, 95150, 95150, 95170, 95150, 95120, 95120, 95120, 95120, 95120, 95120, 95120, 95140, 95140, 95140, 95140, 95140, 95140, 95140, 95140, 95140, 95140, 95140, 95140, 95140, 95140, 95140, 95140, 95120, 95120, 95000, 95000, 95000, 95000]",6.3344846,101.1409694,RE5,COOR1945,2025-10-20 23:11:54,2025-10-20 23:11:54
PROV77,นราธิวาส,Narathiwat,"[96000, 96000, 96000, 96000, 96000, 96000, 96000, 96110, 96110, 96110, 96110, 96110, 96110, 96110, 96110, 96170, 96170, 96170, 96170, 96170, 96170, 96180, 96180, 96180, 96180, 96180, 96180, 96130, 96130, 96220, 96130, 96130, 96130, 96130, 96150, 96150, 96150, 96150, 96150, 96150, 96150, 96150, 96150, 96210, 96210, 96210, 96210, 96210, 96210, 96160, 96160, 96160, 96160, 96160, 96160, 96190, 96190, 96190, 96190, 96190, 96120, 96120, 96120, 96120, 96140, 96140, 96140, 96140, 96140, 96140, 96220, 96220, 96220, 96220, 96130, 96130, 96130]",6.4350352,101.8228923,RE5,COOR2343,2025-10-20 23:11:54,2025-10-20 23:11:54
PROV8,สิงห์บุรี,Sing Buri,"[16000, 16000, 16000, 16000, 16000, 16000, 16000, 16000, 16130, 16130, 16130, 16130, 16130, 16130, 16130, 16130, 16150, 16150, 16150, 16150, 16150, 16150, 16120, 16160, 16120, 16120, 16120, 16120, 16120, 16140, 16140, 16140, 16140, 16110, 16110, 16110, 16110, 16110, 16110, 16110, 16110, 16110, 16110]",14.9936716,100.3602963,RE3,COOR1518,2025-10-20 23:11:54,2025-10-20 23:11:54
PROV9,ชัยนาท,Chai Nat,"[17000, 17000, 17000, 17000, 17000, 17000, 17000, 17000, 17000, 17110, 17110, 17110, 17110, 17170, 17170, 17170, 17120, 17120, 17120, 17120, 17120, 17120, 17120, 17150, 17150, 17150, 17150, 17150, 17150, 17150, 17140, 17140, 17140, 17140, 17140, 17140, 17140, 17140, 17130, 17130, 17130, 17160, 17160, 17130, 17130, 17160, 17120, 17120, 17120, 17120, 17130, 17130, 17130]",15.1453182,99.9010244,RE1,COOR1207,2025-10-20 23:11:54,2025-10-20 23:11:54
